Group,Sublayer,Current Production Layer,Current Production URL,Dev Layer,Dev Layer URL,Notes
DSD Viewer - Wells,Production Wells,,https://maps.hillsboroughcounty.org/arcgis/rest/services/DSD_Viewer_Services/DSD_Viewer_Wells/MapServer/0,Production Wells,https://gisdextweb1.hillsboroughcounty.org/arcgis/rest/services/Hosted/Wells/FeatureServer/0,NEW - Wells FeatureServer
DSD Viewer - Wells,Community Wells,,https://maps.hillsboroughcounty.org/arcgis/rest/services/DSD_Viewer_Services/DSD_Viewer_Wells/MapServer/1,Community Wells,https://gisdextweb1.hillsboroughcounty.org/arcgis/rest/services/Hosted/Wells/FeatureServer/1,NEW - Wells FeatureServer
DSD Viewer - Wells,Community Potable Wells Buffer,,https://maps.hillsboroughcounty.org/arcgis/rest/services/DSD_Viewer_Services/DSD_Viewer_Wells/MapServer/2,Community Potable Wells Buffer,https://gisdextweb1.hillsboroughcounty.org/arcgis/rest/services/Hosted/Wells/FeatureServer/2,NEW - Wells FeatureServer
DSD Viewer - Wells,Wellheads,,https://maps.hillsboroughcounty.org/arcgis/rest/services/DSD_Viewer_Services/DSD_Viewer_Wells/MapServer/3,Wellheads,https://gisdextweb1.hillsboroughcounty.org/arcgis/rest/services/Hosted/Wells/FeatureServer/3,NEW - Wells FeatureServer
DSD Viewer - Wells,NTNC Wells And Community Wells,,https://maps.hillsboroughcounty.org/arcgis/rest/services/DSD_Viewer_Services/DSD_Viewer_Wells/MapServer/4,NTNC Wells And Community Wells,https://gisdextweb1.hillsboroughcounty.org/arcgis/rest/services/Hosted/Wells/FeatureServer/4,NEW - Wells FeatureServer
City of Tampa - Water,System Valve,,https://maps.hillsboroughcounty.org/arcgis/rest/services/COT_Infrastructure/COT_WATER/MapServer/0,,,COT Infrastructure - no dev equivalent
City of Tampa - Water,Curb Stop Valve,,https://maps.hillsboroughcounty.org/arcgis/rest/services/COT_Infrastructure/COT_WATER/MapServer/1,,,COT Infrastructure - no dev equivalent
City of Tampa - Water,Service Connection,,https://maps.hillsboroughcounty.org/arcgis/rest/services/COT_Infrastructure/COT_WATER/MapServer/2,,,COT Infrastructure - no dev equivalent
City of Tampa - Water,Network Structure,,https://maps.hillsboroughcounty.org/arcgis/rest/services/COT_Infrastructure/COT_WATER/MapServer/3,,,COT Infrastructure - no dev equivalent
City of Tampa - Water,Control Valve,,https://maps.hillsboroughcounty.org/arcgis/rest/services/COT_Infrastructure/COT_WATER/MapServer/4,,,COT Infrastructure - no dev equivalent
City of Tampa - Water,Hydrant,,https://maps.hillsboroughcounty.org/arcgis/rest/services/COT_Infrastructure/COT_WATER/MapServer/5,,,COT Infrastructure - no dev equivalent
City of Tampa - Water,Fittings,,https://maps.hillsboroughcounty.org/arcgis/rest/services/COT_Infrastructure/COT_WATER/MapServer/6,,,COT Infrastructure - no dev equivalent
City of Tampa - Water,Sampling Station,,https://maps.hillsboroughcounty.org/arcgis/rest/services/COT_Infrastructure/COT_WATER/MapServer/7,,,COT Infrastructure - no dev equivalent
City of Tampa - Water,Water Facilities,,https://maps.hillsboroughcounty.org/arcgis/rest/services/COT_Infrastructure/COT_WATER/MapServer/8,,,COT Infrastructure - no dev equivalent
City of Tampa - Water,Water Construction Line,,https://maps.hillsboroughcounty.org/arcgis/rest/services/COT_Infrastructure/COT_WATER/MapServer/9,,,COT Infrastructure - no dev equivalent
City of Tampa - Water,Water Main,,https://maps.hillsboroughcounty.org/arcgis/rest/services/COT_Infrastructure/COT_WATER/MapServer/10,,,COT Infrastructure - no dev equivalent
City of Tampa - Water,Water Lateral Line,,https://maps.hillsboroughcounty.org/arcgis/rest/services/COT_Infrastructure/COT_WATER/MapServer/11,,,COT Infrastructure - no dev equivalent
City of Tampa - Water,Water Abandoned Line,,https://maps.hillsboroughcounty.org/arcgis/rest/services/COT_Infrastructure/COT_WATER/MapServer/12,,,COT Infrastructure - no dev equivalent
City of Tampa - Water,Casing,,https://maps.hillsboroughcounty.org/arcgis/rest/services/COT_Infrastructure/COT_WATER/MapServer/13,,,COT Infrastructure - no dev equivalent
City of Tampa - Water,wServiceArea,,https://maps.hillsboroughcounty.org/arcgis/rest/services/COT_Infrastructure/COT_WATER/MapServer/14,Water Service Areas,https://gisdextweb1.hillsboroughcounty.org/arcgis/rest/services/Hosted/Utility_Service_Area/FeatureServer/0,NEW - Utility_Service_Area FeatureServer
City of Tampa - Water,wOperationalArea,,https://maps.hillsboroughcounty.org/arcgis/rest/services/COT_Infrastructure/COT_WATER/MapServer/15,,,COT Infrastructure - no dev equivalent
City of Tampa - Water,ServiceAreaLegal,,https://maps.hillsboroughcounty.org/arcgis/rest/services/COT_Infrastructure/COT_WATER/MapServer/16,,,COT Infrastructure - no dev equivalent
City of Tampa - Water,wCIAC,,https://maps.hillsboroughcounty.org/arcgis/rest/services/COT_Infrastructure/COT_WATER/MapServer/17,,,COT Infrastructure - no dev equivalent
City of Tampa - Water,wStar,,https://maps.hillsboroughcounty.org/arcgis/rest/services/COT_Infrastructure/COT_WATER/MapServer/18,,,COT Infrastructure - no dev equivalent
City of Tampa - Water,wBillingCycles,,https://maps.hillsboroughcounty.org/arcgis/rest/services/COT_Infrastructure/COT_WATER/MapServer/19,,,COT Infrastructure - no dev equivalent
City of Tampa - Water,wStructure,,https://maps.hillsboroughcounty.org/arcgis/rest/services/COT_Infrastructure/COT_WATER/MapServer/20,,,COT Infrastructure - no dev equivalent
City of Tampa - Wastewater,Manholes,,https://maps.hillsboroughcounty.org/arcgis/rest/services/COT_Infrastructure/COT_WASTEWATER/MapServer/0,,,COT Infrastructure - no dev equivalent
City of Tampa - Wastewater,ControlValve,,https://maps.hillsboroughcounty.org/arcgis/rest/services/COT_Infrastructure/COT_WASTEWATER/MapServer/1,,,COT Infrastructure - no dev equivalent
City of Tampa - Wastewater,Network Structure,,https://maps.hillsboroughcounty.org/arcgis/rest/services/COT_Infrastructure/COT_WASTEWATER/MapServer/2,,,COT Infrastructure - no dev equivalent
City of Tampa - Wastewater,CleanOut,,https://maps.hillsboroughcounty.org/arcgis/rest/services/COT_Infrastructure/COT_WASTEWATER/MapServer/3,,,COT Infrastructure - no dev equivalent
City of Tampa - Wastewater,Tap,,https://maps.hillsboroughcounty.org/arcgis/rest/services/COT_Infrastructure/COT_WASTEWATER/MapServer/4,,,COT Infrastructure - no dev equivalent
City of Tampa - Wastewater,Facilities,,https://maps.hillsboroughcounty.org/arcgis/rest/services/COT_Infrastructure/COT_WASTEWATER/MapServer/5,,,COT Infrastructure - no dev equivalent
City of Tampa - Wastewater,Fittings,,https://maps.hillsboroughcounty.org/arcgis/rest/services/COT_Infrastructure/COT_WASTEWATER/MapServer/6,,,COT Infrastructure - no dev equivalent
City of Tampa - Wastewater,System Valve,,https://maps.hillsboroughcounty.org/arcgis/rest/services/COT_Infrastructure/COT_WASTEWATER/MapServer/7,,,COT Infrastructure - no dev equivalent
City of Tampa - Wastewater,Gravity Main,,https://maps.hillsboroughcounty.org/arcgis/rest/services/COT_Infrastructure/COT_WASTEWATER/MapServer/8,,,COT Infrastructure - no dev equivalent
City of Tampa - Wastewater,Pressurized Main,,https://maps.hillsboroughcounty.org/arcgis/rest/services/COT_Infrastructure/COT_WASTEWATER/MapServer/9,,,COT Infrastructure - no dev equivalent
City of Tampa - Wastewater,Casing,,https://maps.hillsboroughcounty.org/arcgis/rest/services/COT_Infrastructure/COT_WASTEWATER/MapServer/10,,,COT Infrastructure - no dev equivalent
City of Tampa - Wastewater,ssServiceArea,,https://maps.hillsboroughcounty.org/arcgis/rest/services/COT_Infrastructure/COT_WASTEWATER/MapServer/11,Waste Water Service Areas,https://gisdextweb1.hillsboroughcounty.org/arcgis/rest/services/Hosted/Utility_Service_Area/FeatureServer/1,NEW - Utility_Service_Area FeatureServer
City of Tampa - Wastewater,ssFMSystemName,,https://maps.hillsboroughcounty.org/arcgis/rest/services/COT_Infrastructure/COT_WASTEWATER/MapServer/12,,,COT Infrastructure - no dev equivalent
City of Tampa - Wastewater,ssMaintenanceZones,,https://maps.hillsboroughcounty.org/arcgis/rest/services/COT_Infrastructure/COT_WASTEWATER/MapServer/13,,,COT Infrastructure - no dev equivalent
City of Tampa - Wastewater,Sewer Basins,,https://maps.hillsboroughcounty.org/arcgis/rest/services/COT_Infrastructure/COT_WASTEWATER/MapServer/14,,,COT Infrastructure - no dev equivalent
City of Tampa - Wastewater,ssDistricts,,https://maps.hillsboroughcounty.org/arcgis/rest/services/COT_Infrastructure/COT_WASTEWATER/MapServer/15,,,COT Infrastructure - no dev equivalent
City of Tampa - Wastewater,ssPMZones,,https://maps.hillsboroughcounty.org/arcgis/rest/services/COT_Infrastructure/COT_WASTEWATER/MapServer/16,,,COT Infrastructure - no dev equivalent
City of Tampa - Wastewater,ssZones,,https://maps.hillsboroughcounty.org/arcgis/rest/services/COT_Infrastructure/COT_WASTEWATER/MapServer/17,,,COT Infrastructure - no dev equivalent
City of Tampa - Stormwater,Storm Water Discharge Point,,https://maps.hillsboroughcounty.org/arcgis/rest/services/COT_Infrastructure/COT_STORMWASTEWATER/MapServer/0,,,COT Infrastructure - no dev equivalent
City of Tampa - Stormwater,swManhole,,https://maps.hillsboroughcounty.org/arcgis/rest/services/COT_Infrastructure/COT_STORMWASTEWATER/MapServer/1,,,COT Infrastructure - no dev equivalent
City of Tampa - Stormwater,Network Structure,,https://maps.hillsboroughcounty.org/arcgis/rest/services/COT_Infrastructure/COT_STORMWASTEWATER/MapServer/2,,,COT Infrastructure - no dev equivalent
City of Tampa - Stormwater,swRainGauge,,https://maps.hillsboroughcounty.org/arcgis/rest/services/COT_Infrastructure/COT_STORMWASTEWATER/MapServer/3,,,COT Infrastructure - no dev equivalent
City of Tampa - Stormwater,Facilities,,https://maps.hillsboroughcounty.org/arcgis/rest/services/COT_Infrastructure/COT_STORMWASTEWATER/MapServer/4,,,COT Infrastructure - no dev equivalent
City of Tampa - Stormwater,System Valve,,https://maps.hillsboroughcounty.org/arcgis/rest/services/COT_Infrastructure/COT_STORMWASTEWATER/MapServer/5,,,COT Infrastructure - no dev equivalent
City of Tampa - Stormwater,Inlet,,https://maps.hillsboroughcounty.org/arcgis/rest/services/COT_Infrastructure/COT_STORMWASTEWATER/MapServer/6,,,COT Infrastructure - no dev equivalent
City of Tampa - Stormwater,Pressurized Main,,https://maps.hillsboroughcounty.org/arcgis/rest/services/COT_Infrastructure/COT_STORMWASTEWATER/MapServer/7,,,COT Infrastructure - no dev equivalent
City of Tampa - Stormwater,OpenDrain,,https://maps.hillsboroughcounty.org/arcgis/rest/services/COT_Infrastructure/COT_STORMWASTEWATER/MapServer/8,,,COT Infrastructure - no dev equivalent
City of Tampa - Stormwater,Culvert,,https://maps.hillsboroughcounty.org/arcgis/rest/services/COT_Infrastructure/COT_STORMWASTEWATER/MapServer/9,,,COT Infrastructure - no dev equivalent
City of Tampa - Stormwater,Abandoned Main,,https://maps.hillsboroughcounty.org/arcgis/rest/services/COT_Infrastructure/COT_STORMWASTEWATER/MapServer/10,,,COT Infrastructure - no dev equivalent
City of Tampa - Stormwater,Gravity Main,,https://maps.hillsboroughcounty.org/arcgis/rest/services/COT_Infrastructure/COT_STORMWASTEWATER/MapServer/11,,,COT Infrastructure - no dev equivalent
City of Tampa - Stormwater,VirtualDrainline,,https://maps.hillsboroughcounty.org/arcgis/rest/services/COT_Infrastructure/COT_STORMWASTEWATER/MapServer/12,,,COT Infrastructure - no dev equivalent
City of Tampa - Stormwater,swBasins,,https://maps.hillsboroughcounty.org/arcgis/rest/services/COT_Infrastructure/COT_STORMWASTEWATER/MapServer/13,,,COT Infrastructure - no dev equivalent
City of Tampa - Stormwater,swMaintenanceNewTampa,,https://maps.hillsboroughcounty.org/arcgis/rest/services/COT_Infrastructure/COT_STORMWASTEWATER/MapServer/14,,,COT Infrastructure - no dev equivalent
City of Tampa - Stormwater,swImprvsSurfaceCurrent,,https://maps.hillsboroughcounty.org/arcgis/rest/services/COT_Infrastructure/COT_STORMWASTEWATER/MapServer/15,,,COT Infrastructure - no dev equivalent
City of Tampa - Stormwater,swWorkArea,,https://maps.hillsboroughcounty.org/arcgis/rest/services/COT_Infrastructure/COT_STORMWASTEWATER/MapServer/16,,,COT Infrastructure - no dev equivalent
City of Tampa - Stormwater,swImprvsSurfacePrevious,,https://maps.hillsboroughcounty.org/arcgis/rest/services/COT_Infrastructure/COT_STORMWASTEWATER/MapServer/17,,,COT Infrastructure - no dev equivalent
City of Tampa - Stormwater,swMaintenanceZone,,https://maps.hillsboroughcounty.org/arcgis/rest/services/COT_Infrastructure/COT_STORMWASTEWATER/MapServer/18,,,COT Infrastructure - no dev equivalent
City of Tampa - Stormwater,swDetention,,https://maps.hillsboroughcounty.org/arcgis/rest/services/COT_Infrastructure/COT_STORMWASTEWATER/MapServer/19,,,COT Infrastructure - no dev equivalent
City of Tampa - Stormwater,RedlineProperty,,https://maps.hillsboroughcounty.org/arcgis/rest/services/COT_Infrastructure/COT_STORMWASTEWATER/MapServer/20,,,COT Infrastructure - no dev equivalent
City of Tampa - Reclaimed Water,Storm Water Discharge Point,,https://maps.hillsboroughcounty.org/arcgis/rest/services/COT_Infrastructure/COT_RECLAIMEDWATER/MapServer/0,,,COT Infrastructure - no dev equivalent
City of Tampa - Reclaimed Water,swManhole,,https://maps.hillsboroughcounty.org/arcgis/rest/services/COT_Infrastructure/COT_RECLAIMEDWATER/MapServer/1,,,COT Infrastructure - no dev equivalent
City of Tampa - Reclaimed Water,Network Structure,,https://maps.hillsboroughcounty.org/arcgis/rest/services/COT_Infrastructure/COT_RECLAIMEDWATER/MapServer/2,,,COT Infrastructure - no dev equivalent
City of Tampa - Reclaimed Water,swRainGauge,,https://maps.hillsboroughcounty.org/arcgis/rest/services/COT_Infrastructure/COT_RECLAIMEDWATER/MapServer/3,,,COT Infrastructure - no dev equivalent
City of Tampa - Reclaimed Water,Facilities,,https://maps.hillsboroughcounty.org/arcgis/rest/services/COT_Infrastructure/COT_RECLAIMEDWATER/MapServer/4,,,COT Infrastructure - no dev equivalent
City of Tampa - Reclaimed Water,System Valve,,https://maps.hillsboroughcounty.org/arcgis/rest/services/COT_Infrastructure/COT_RECLAIMEDWATER/MapServer/5,,,COT Infrastructure - no dev equivalent
City of Tampa - Reclaimed Water,Inlet,,https://maps.hillsboroughcounty.org/arcgis/rest/services/COT_Infrastructure/COT_RECLAIMEDWATER/MapServer/6,,,COT Infrastructure - no dev equivalent
City of Tampa - Reclaimed Water,Pressurized Main,,https://maps.hillsboroughcounty.org/arcgis/rest/services/COT_Infrastructure/COT_RECLAIMEDWATER/MapServer/7,,,COT Infrastructure - no dev equivalent
City of Tampa - Reclaimed Water,OpenDrain,,https://maps.hillsboroughcounty.org/arcgis/rest/services/COT_Infrastructure/COT_RECLAIMEDWATER/MapServer/8,,,COT Infrastructure - no dev equivalent
City of Tampa - Reclaimed Water,Culvert,,https://maps.hillsboroughcounty.org/arcgis/rest/services/COT_Infrastructure/COT_RECLAIMEDWATER/MapServer/9,,,COT Infrastructure - no dev equivalent
City of Tampa - Reclaimed Water,Abandoned Main,,https://maps.hillsboroughcounty.org/arcgis/rest/services/COT_Infrastructure/COT_RECLAIMEDWATER/MapServer/10,,,COT Infrastructure - no dev equivalent
City of Tampa - Reclaimed Water,Gravity Main,,https://maps.hillsboroughcounty.org/arcgis/rest/services/COT_Infrastructure/COT_RECLAIMEDWATER/MapServer/11,,,COT Infrastructure - no dev equivalent
City of Tampa - Reclaimed Water,swVirtualDrainline,,https://maps.hillsboroughcounty.org/arcgis/rest/services/COT_Infrastructure/COT_RECLAIMEDWATER/MapServer/12,,,COT Infrastructure - no dev equivalent
City of Tampa - Reclaimed Water,swBasins,,https://maps.hillsboroughcounty.org/arcgis/rest/services/COT_Infrastructure/COT_RECLAIMEDWATER/MapServer/13,,,COT Infrastructure - no dev equivalent
City of Tampa - Reclaimed Water,swMaintenanceNewTampa,,https://maps.hillsboroughcounty.org/arcgis/rest/services/COT_Infrastructure/COT_RECLAIMEDWATER/MapServer/14,,,COT Infrastructure - no dev equivalent
City of Tampa - Reclaimed Water,swImprvsSurfaceCurrent,,https://maps.hillsboroughcounty.org/arcgis/rest/services/COT_Infrastructure/COT_RECLAIMEDWATER/MapServer/15,,,COT Infrastructure - no dev equivalent
City of Tampa - Reclaimed Water,swWorkArea,,https://maps.hillsboroughcounty.org/arcgis/rest/services/COT_Infrastructure/COT_RECLAIMEDWATER/MapServer/16,,,COT Infrastructure - no dev equivalent
City of Tampa - Reclaimed Water,swImprvsSurfacePrevious,,https://maps.hillsboroughcounty.org/arcgis/rest/services/COT_Infrastructure/COT_RECLAIMEDWATER/MapServer/17,,,COT Infrastructure - no dev equivalent
City of Tampa - Reclaimed Water,swMaintenanceZone,,https://maps.hillsboroughcounty.org/arcgis/rest/services/COT_Infrastructure/COT_RECLAIMEDWATER/MapServer/18,,,COT Infrastructure - no dev equivalent
City of Tampa - Reclaimed Water,swDetention,,https://maps.hillsboroughcounty.org/arcgis/rest/services/COT_Infrastructure/COT_RECLAIMEDWATER/MapServer/19,,,COT Infrastructure - no dev equivalent
City of Tampa - Reclaimed Water,RedlineProperty,,https://maps.hillsboroughcounty.org/arcgis/rest/services/COT_Infrastructure/COT_RECLAIMEDWATER/MapServer/20,,,COT Infrastructure - no dev equivalent
Infrastructure - Reclaimed,NetworkStructure_RW,,https://maps.hillsboroughcounty.org/arcgis/rest/services/CORPORATE/INFRASTRUCTURE_RECLAIMED/MapServer/0,,,HC Corporate - no dev equivalent
Infrastructure - Reclaimed,ControlValve_RW,,https://maps.hillsboroughcounty.org/arcgis/rest/services/CORPORATE/INFRASTRUCTURE_RECLAIMED/MapServer/1,,,HC Corporate - no dev equivalent
Infrastructure - Reclaimed,Fitting_RW,,https://maps.hillsboroughcounty.org/arcgis/rest/services/CORPORATE/INFRASTRUCTURE_RECLAIMED/MapServer/2,,,HC Corporate - no dev equivalent
Infrastructure - Reclaimed,SystemValve_RW,,https://maps.hillsboroughcounty.org/arcgis/rest/services/CORPORATE/INFRASTRUCTURE_RECLAIMED/MapServer/3,,,HC Corporate - no dev equivalent
Infrastructure - Reclaimed,Manhole_RW,,https://maps.hillsboroughcounty.org/arcgis/rest/services/CORPORATE/INFRASTRUCTURE_RECLAIMED/MapServer/4,,,HC Corporate - no dev equivalent
Infrastructure - Reclaimed,Meter_RW,,https://maps.hillsboroughcounty.org/arcgis/rest/services/CORPORATE/INFRASTRUCTURE_RECLAIMED/MapServer/5,,,HC Corporate - no dev equivalent
Infrastructure - Reclaimed,GravityMain_RW,,https://maps.hillsboroughcounty.org/arcgis/rest/services/CORPORATE/INFRASTRUCTURE_RECLAIMED/MapServer/6,,,HC Corporate - no dev equivalent
Infrastructure - Reclaimed,LateralLine_RW,,https://maps.hillsboroughcounty.org/arcgis/rest/services/CORPORATE/INFRASTRUCTURE_RECLAIMED/MapServer/7,,,HC Corporate - no dev equivalent
Infrastructure - Reclaimed,PressurizedMain_RW,,https://maps.hillsboroughcounty.org/arcgis/rest/services/CORPORATE/INFRASTRUCTURE_RECLAIMED/MapServer/8,,,HC Corporate - no dev equivalent
HC Stormwater,Storm Drains,,https://maps.hillsboroughcounty.org/arcgis/rest/services/CORPORATE/HC_STORMWATER001/MapServer/0,,,HC Corporate - no dev equivalent
HC Stormwater,Channels,,https://maps.hillsboroughcounty.org/arcgis/rest/services/CORPORATE/HC_STORMWATER001/MapServer/1,,,HC Corporate - no dev equivalent
HC Stormwater,End Treatments,,https://maps.hillsboroughcounty.org/arcgis/rest/services/CORPORATE/HC_STORMWATER001/MapServer/2,,,HC Corporate - no dev equivalent
HC Stormwater,Junctions,,https://maps.hillsboroughcounty.org/arcgis/rest/services/CORPORATE/HC_STORMWATER001/MapServer/3,,,HC Corporate - no dev equivalent
HC Stormwater,Pump Stations,,https://maps.hillsboroughcounty.org/arcgis/rest/services/CORPORATE/HC_STORMWATER001/MapServer/4,,,HC Corporate - no dev equivalent
HC Wastewater,NetworkStructure_WW,,https://maps.hillsboroughcounty.org/arcgis/rest/services/CORPORATE/HC_WASTEWATER/MapServer/0,,,HC Corporate - no dev equivalent
HC Wastewater,ControlValve_WW,,https://maps.hillsboroughcounty.org/arcgis/rest/services/CORPORATE/HC_WASTEWATER/MapServer/1,,,HC Corporate - no dev equivalent
HC Wastewater,Fitting_WW,,https://maps.hillsboroughcounty.org/arcgis/rest/services/CORPORATE/HC_WASTEWATER/MapServer/2,,,HC Corporate - no dev equivalent
HC Wastewater,SystemValve_WW,,https://maps.hillsboroughcounty.org/arcgis/rest/services/CORPORATE/HC_WASTEWATER/MapServer/3,,,HC Corporate - no dev equivalent
HC Wastewater,Manhole_WW,,https://maps.hillsboroughcounty.org/arcgis/rest/services/CORPORATE/HC_WASTEWATER/MapServer/4,,,HC Corporate - no dev equivalent
HC Wastewater,CleanOut_WW,,https://maps.hillsboroughcounty.org/arcgis/rest/services/CORPORATE/HC_WASTEWATER/MapServer/5,,,HC Corporate - no dev equivalent
HC Wastewater,Meter_WW,,https://maps.hillsboroughcounty.org/arcgis/rest/services/CORPORATE/HC_WASTEWATER/MapServer/6,,,HC Corporate - no dev equivalent
HC Wastewater,GravityMain_WW,,https://maps.hillsboroughcounty.org/arcgis/rest/services/CORPORATE/HC_WASTEWATER/MapServer/7,,,HC Corporate - no dev equivalent
HC Wastewater,LateralLine_WW,,https://maps.hillsboroughcounty.org/arcgis/rest/services/CORPORATE/HC_WASTEWATER/MapServer/8,,,HC Corporate - no dev equivalent
HC Wastewater,PressurizedMain_WW,,https://maps.hillsboroughcounty.org/arcgis/rest/services/CORPORATE/HC_WASTEWATER/MapServer/9,,,HC Corporate - no dev equivalent
HC Wastewater,Treatment Plant Waste Water,,https://maps.hillsboroughcounty.org/arcgis/rest/services/CORPORATE/HC_WASTEWATER/MapServer/10,,,HC Corporate - no dev equivalent
HC Wastewater,Waste Water Interlocal,,https://maps.hillsboroughcounty.org/arcgis/rest/services/CORPORATE/HC_WASTEWATER/MapServer/11,,,HC Corporate - no dev equivalent
HC Wastewater,Pump Station Name,,https://maps.hillsboroughcounty.org/arcgis/rest/services/CORPORATE/HC_WASTEWATER/MapServer/12,,,HC Corporate - no dev equivalent
HC Wastewater,WW_PSNameAnno,,https://maps.hillsboroughcounty.org/arcgis/rest/services/CORPORATE/HC_WASTEWATER/MapServer/13,,,HC Corporate - no dev equivalent
HC Wastewater,MetalPipeSegments,,https://maps.hillsboroughcounty.org/arcgis/rest/services/CORPORATE/HC_WASTEWATER/MapServer/14,,,HC Corporate - no dev equivalent
HCAA (Aviation Authority),HCAA_Airport_Height_Zones,,https://maps.hillsboroughcounty.org/arcgis/rest/services/DSD_Viewer/HCAA_DSD_FOR_PUB_20170622/MapServer/0,Airport Height Restriction Zones,https://gisdextweb1.hillsboroughcounty.org/arcgis/rest/services/Hosted/Aviation_Authority/FeatureServer/0,NEW - Aviation_Authority FeatureServer
HCAA (Aviation Authority),HCAA_LandfillNotificationArea,,https://maps.hillsboroughcounty.org/arcgis/rest/services/DSD_Viewer/HCAA_DSD_FOR_PUB_20170622/MapServer/1,Landfill Notification Area,https://gisdextweb1.hillsboroughcounty.org/arcgis/rest/services/Hosted/Aviation_Authority/FeatureServer/1,NEW - Aviation_Authority FeatureServer
HCAA (Aviation Authority),HCAA_NonCompatibleUseAreaSchools,,https://maps.hillsboroughcounty.org/arcgis/rest/services/DSD_Viewer/HCAA_DSD_FOR_PUB_20170622/MapServer/2,Non Compatible Schools Use Area,https://gisdextweb1.hillsboroughcounty.org/arcgis/rest/services/Hosted/Aviation_Authority/FeatureServer/2,NEW - Aviation_Authority FeatureServer
HCAA (Aviation Authority),DBO.HCAA_TEA_InfluenceArea,,https://maps.hillsboroughcounty.org/arcgis/rest/services/DSD_Viewer/HCAA_DSD_FOR_PUB_20170622/MapServer/3,Tampa Executive Airport Influence Area,https://gisdextweb1.hillsboroughcounty.org/arcgis/rest/services/Hosted/Aviation_Authority/FeatureServer/3,NEW - Aviation_Authority FeatureServer
DSD Viewer Layers,Zoning,RETIRED - 404,https://maps.hillsboroughcounty.org/arcgis/rest/services/DSD_Viewer_Services/DSD_Viewer_Zoning/MapServer/0,Zoning,https://gisdextweb1.hillsboroughcounty.org/arcgis/rest/services/Hosted/Zoning/FeatureServer/0,NEW - Standalone Zoning FeatureServer
DSD Viewer Layers,Zoning (alternate),,,,Zoning,https://gisdextweb1.hillsboroughcounty.org/arcgis/rest/services/Hosted/Zoning_and_Regulatory/FeatureServer/0,NEW - Zoning_and_Regulatory FeatureServer
DSD Viewer Layers,Zoning Shaded,,,,Zoning Shaded,https://gisdextweb1.hillsboroughcounty.org/arcgis/rest/services/Hosted/Zoning_and_Regulatory/FeatureServer/1,NEW - Zoning_and_Regulatory FeatureServer
DSD Viewer Layers,Overlay Districts,,,,Overlay Districts,https://gisdextweb1.hillsboroughcounty.org/arcgis/rest/services/Hosted/Zoning_and_Regulatory/FeatureServer/2,NEW - Zoning_and_Regulatory FeatureServer
DSD Viewer Layers,DRI Projects,,,,DRI Projects,https://gisdextweb1.hillsboroughcounty.org/arcgis/rest/services/Hosted/Zoning_and_Regulatory/FeatureServer/3,NEW - Zoning_and_Regulatory FeatureServer
DSD Viewer Layers,Historic Resources,,,,Historic Resources,https://gisdextweb1.hillsboroughcounty.org/arcgis/rest/services/Hosted/Zoning_and_Regulatory/FeatureServer/4,NEW - Zoning_and_Regulatory FeatureServer
DSD Viewer Layers,Historical Zoning Maps (Pages),,,,Historical Zoning Maps (Pages),https://gisdextweb1.hillsboroughcounty.org/arcgis/rest/services/Hosted/Zoning_and_Regulatory/FeatureServer/6,NEW - Zoning_and_Regulatory FeatureServer
DSD Viewer Layers,FIRM / Flood Zone,RETIRED - 404,https://maps.hillsboroughcounty.org/arcgis/rest/services/DSD_Viewer_Services/DSD_Viewer_FIRM/MapServer/0,FloodZones,https://gisdextweb1.hillsboroughcounty.org/arcgis/rest/services/Hosted/Flood_Zones/FeatureServer/0,NEW - Standalone Flood_Zones FeatureServer
DSD Viewer Layers,Pre 2008 Flood Zone,RETIRED - 404,,Flood Zones 2008,https://gisdextweb1.hillsboroughcounty.org/arcgis/rest/services/Hosted/Flood_Hazard_Layers/FeatureServer/17,NEW - Flood_Hazard_Layers FeatureServer
DSD Viewer Layers,Future Land Use,RETIRED - 404,https://maps.hillsboroughcounty.org/arcgis/rest/services/DSD_Viewer_Services/DSD_Viewer_FLU/MapServer/0,Future Land Use,https://gisdextweb1.hillsboroughcounty.org/arcgis/rest/services/Hosted/Landuse_and_Planning/FeatureServer/1,NEW - Landuse_and_Planning FeatureServer
DSD Viewer Layers,Existing Land Use,,,,Existing Land Use,https://gisdextweb1.hillsboroughcounty.org/arcgis/rest/services/Hosted/Landuse_and_Planning/FeatureServer/0,NEW - Landuse_and_Planning FeatureServer
DSD Viewer Layers,Community Plan Areas,RETIRED - 404,https://maps.hillsboroughcounty.org/arcgis/rest/services/DSD_Viewer_Services/DSD_Viewer_CPA_CWPA/MapServer/1,Community Plan Areas,https://gisdextweb1.hillsboroughcounty.org/arcgis/rest/services/Hosted/Landuse_and_Planning/FeatureServer/2,NEW - Landuse_and_Planning FeatureServer
DSD Viewer Layers,Countywide Plan Areas,RETIRED - 404,https://maps.hillsboroughcounty.org/arcgis/rest/services/DSD_Viewer_Services/DSD_Viewer_CPA_CWPA/MapServer/0,Planning Areas,https://gisdextweb1.hillsboroughcounty.org/arcgis/rest/services/Hosted/Landuse_and_Planning/FeatureServer/3,NEW - Landuse_and_Planning FeatureServer
DSD Viewer Layers,Planning Areas (standalone),,,,PlanningAreas,https://gisdextweb1.hillsboroughcounty.org/arcgis/rest/services/Hosted/PlanningAreas/FeatureServer/0,NEW - Standalone PlanningAreas FeatureServer
DSD Viewer Layers,Coastal High Hazard Area,RETIRED - 404,https://maps.hillsboroughcounty.org/arcgis/rest/services/DSD_Viewer_Services/DSD_Viewer_CHHA/MapServer/0,Coastal High Hazard Area,https://gisdextweb1.hillsboroughcounty.org/arcgis/rest/services/Hosted/Natural_Resources/FeatureServer/3,NEW - Natural_Resources FeatureServer
DSD Viewer Layers,Planned Developments,RETIRED - 404,https://maps.hillsboroughcounty.org/arcgis/rest/services/DSD_Viewer_Services/DSD_Viewer_Planned_Developments/MapServer/0,Planned Developments,https://gisdextweb1.hillsboroughcounty.org/arcgis/rest/services/Hosted/Zoning_and_Regulatory/FeatureServer/5,NEW - Zoning_and_Regulatory FeatureServer
DSD Viewer Layers,Urban Service Area,RETIRED - 404,https://maps.hillsboroughcounty.org/arcgis/rest/services/DSD_Viewer_Services/DSD_Viewer_Urban_Service_Areas/MapServer/0,Urban Service Areas,https://gisdextweb1.hillsboroughcounty.org/arcgis/rest/services/Hosted/Landuse_and_Planning/FeatureServer/4,NEW - Landuse_and_Planning FeatureServer
DSD Viewer Layers,Wind Borne Debris Region,RETIRED - 404,https://maps.hillsboroughcounty.org/arcgis/rest/services/DSD_Viewer_Services/DSD_Viewer_Wind/MapServer/0,Wind Borne Debris 130 mph,https://gisdextweb1.hillsboroughcounty.org/arcgis/rest/services/Hosted/Natural_Resources/FeatureServer/9,NEW - Natural_Resources FeatureServer
DSD Viewer Layers,Wind Borne Debris Region,RETIRED - 404,https://maps.hillsboroughcounty.org/arcgis/rest/services/DSD_Viewer_Services/DSD_Viewer_Wind/MapServer/0,Wind Borne Debris 140 mph,https://gisdextweb1.hillsboroughcounty.org/arcgis/rest/services/Hosted/Natural_Resources/FeatureServer/10,NEW - Natural_Resources FeatureServer
DSD Viewer Layers,Wind Borne Debris Region,RETIRED - 404,https://maps.hillsboroughcounty.org/arcgis/rest/services/DSD_Viewer_Services/DSD_Viewer_Wind/MapServer/0,Wind Borne Debris 150 mph,https://gisdextweb1.hillsboroughcounty.org/arcgis/rest/services/Hosted/Natural_Resources/FeatureServer/11,NEW - Natural_Resources FeatureServer
DSD Viewer Layers,TAZ 2015,RETIRED - 404,https://maps.hillsboroughcounty.org/arcgis/rest/services/DSD_Viewer_Services/DSD_Viewer_TAZ/MapServer/0,TAZ,https://gisdextweb1.hillsboroughcounty.org/arcgis/rest/services/Hosted/Roads_and_Transportation/FeatureServer/3,NEW - Roads_and_Transportation FeatureServer
DSD Viewer Layers,Census Tracts 2000,RETIRED - 404,https://maps.hillsboroughcounty.org/arcgis/rest/services/DSD_Viewer_Services/DSD_Viewer_TAZ/MapServer/1,Hillsborough Census - 2022,https://gisdextweb1.hillsboroughcounty.org/arcgis/rest/services/Hosted/Hillsborough_Census_2022/FeatureServer/0,NEW - Census 2022 FeatureServer
DSD Viewer Layers,Census Tract 2010,RETIRED - 404,https://maps.hillsboroughcounty.org/arcgis/rest/services/DSD_Viewer_Services/DSD_Viewer_TAZ/MapServer/2,Hillsborough Census Tract - 2022,https://gisdextweb1.hillsboroughcounty.org/arcgis/rest/services/Hosted/Hillsborough_Census_Tract_2022/FeatureServer/3,NEW - Census Tract 2022 FeatureServer
DSD Viewer Layers,Census Blocks 2020,,,,Hillsborough Census Block 2020,https://gisdextweb1.hillsboroughcounty.org/arcgis/rest/services/Hosted/Hillsborough_Census_Block_2020/FeatureServer/10,NEW - Census Block 2020 FeatureServer
DSD Viewer Layers,Fire Impact Fee Benefit District,RETIRED - 404,https://maps.hillsboroughcounty.org/arcgis/rest/services/DSD_Viewer_Services/DSD_Viewer_Impact_Fees/MapServer/0,Fire Impact Fee Zone,https://gisdextweb1.hillsboroughcounty.org/arcgis/rest/services/Hosted/Regulatory_Layers/FeatureServer/0,NEW - Regulatory_Layers FeatureServer
DSD Viewer Layers,Park Impact Fee Benefit District,RETIRED - 404,https://maps.hillsboroughcounty.org/arcgis/rest/services/DSD_Viewer_Services/DSD_Viewer_Impact_Fees/MapServer/3,Parks Impact Fee Zone,https://gisdextweb1.hillsboroughcounty.org/arcgis/rest/services/Hosted/Regulatory_Layers/FeatureServer/1,NEW - Regulatory_Layers FeatureServer
DSD Viewer Layers,Residential Impact Fee Zone,,,,Residential Impact Fee Zone,https://gisdextweb1.hillsboroughcounty.org/arcgis/rest/services/Hosted/Regulatory_Layers/FeatureServer/2,NEW - Regulatory_Layers FeatureServer
DSD Viewer Layers,Road Impact Fee Benefit District,RETIRED - 404,https://maps.hillsboroughcounty.org/arcgis/rest/services/DSD_Viewer_Services/DSD_Viewer_Impact_Fees/MapServer/4,Transportation Impact Fee Zone,https://gisdextweb1.hillsboroughcounty.org/arcgis/rest/services/Hosted/Regulatory_Layers/FeatureServer/3,NEW - Regulatory_Layers FeatureServer
DSD Viewer Layers,Law Enforcement Impact Fee,RETIRED - 404,https://maps.hillsboroughcounty.org/arcgis/rest/services/DSD_Viewer_Services/DSD_Viewer_Impact_Fees/MapServer/5,,,Still no dev equivalent
DSD Viewer Layers,Library Impact Fee,RETIRED - 404,https://maps.hillsboroughcounty.org/arcgis/rest/services/DSD_Viewer_Services/DSD_Viewer_Impact_Fees/MapServer/6,,,Still no dev equivalent
DSD Viewer Layers,School Concurrency,RETIRED - 404,https://maps.hillsboroughcounty.org/arcgis/rest/services/DSD_Viewer_Services/DSD_Viewer_Impact_Fees/MapServer/1,,,Still no dev equivalent
DSD Viewer Layers,Fire Districts,RETIRED - 404,https://maps.hillsboroughcounty.org/arcgis/rest/services/DSD_Viewer_Services/DSD_Viewer_Impact_Fees/MapServer/2,,,Still no dev equivalent
DSD Viewer Layers,Fire Station,RETIRED - 404,https://maps.hillsboroughcounty.org/arcgis/rest/services/DSD_Viewer_Services/DSD_Viewer_Impact_Fees/MapServer/7,FireStations,https://gisdextweb1.hillsboroughcounty.org/arcgis/rest/services/Hosted/Reference_Layers/FeatureServer/1,NEW - Reference_Layers FeatureServer
DSD Viewer Layers,Schools (public),RETIRED - 404,https://maps.hillsboroughcounty.org/arcgis/rest/services/DSD_Viewer_Services/DSD_Viewer_Impact_Fees/MapServer/8,Schools,https://gisdextweb1.hillsboroughcounty.org/arcgis/rest/services/Hosted/Reference_Layers/FeatureServer/2,NEW - Reference_Layers FeatureServer
DSD Viewer Layers,Mobility Fee Zone,RETIRED - 404,https://maps.hillsboroughcounty.org/arcgis/rest/services/DSD_Viewer_Services/DSD_Viewer_Mobility/MapServer/0,Mobility Assessment Districts,https://gisdextweb1.hillsboroughcounty.org/arcgis/rest/services/Hosted/Regulatory_Layers/FeatureServer/4,NEW - Regulatory_Layers FeatureServer
DSD Viewer Layers,Mobility Benefit Districts,,,,Mobility Benefit Districts,https://gisdextweb1.hillsboroughcounty.org/arcgis/rest/services/Hosted/Regulatory_Layers/FeatureServer/5,NEW - Regulatory_Layers FeatureServer
DSD Viewer Layers,DSD Quadrants,RETIRED - 404,https://maps.hillsboroughcounty.org/arcgis/rest/services/DSD_Viewer_Services/DSD_Viewer_Quadrants/MapServer/0,,,Still no dev equivalent
DSD Viewer Layers,Annexations,RETIRED - 404,https://maps.hillsboroughcounty.org/arcgis/rest/services/DSD_Viewer_Services/DSD_Viewer_Muni_Annex/MapServer/0,,,Still no dev equivalent
DSD Viewer Layers,Municipalities,RETIRED - 404,https://maps.hillsboroughcounty.org/arcgis/rest/services/DSD_Viewer_Services/DSD_Viewer_Muni_Annex/MapServer/1,Cities,https://gisdextweb1.hillsboroughcounty.org/arcgis/rest/services/Hosted/Administrative_Areas/FeatureServer/6,NEW - Administrative_Areas FeatureServer
DSD Viewer Layers,Sections,RETIRED - 404,https://maps.hillsboroughcounty.org/arcgis/rest/services/DSD_Viewer_Services/DSD_Viewer_Sections/MapServer/0,,,Still no dev equivalent
DSD Viewer Layers,Soils,RETIRED - 404,https://maps.hillsboroughcounty.org/arcgis/rest/services/DSD_Viewer_Services/DSD_Viewer_Soils/MapServer/0,Soils,https://gisdextweb1.hillsboroughcounty.org/arcgis/rest/services/Hosted/Natural_Resources/FeatureServer/0,NEW - Natural_Resources FeatureServer
DSD Viewer Layers,Transit Routes,RETIRED - 404,https://maps.hillsboroughcounty.org/arcgis/rest/services/DSD_Viewer_Services/DSD_Viewer_Transit/MapServer/0,,,Still no dev equivalent
DSD Viewer Layers,Transit Route Stops,RETIRED - 404,https://maps.hillsboroughcounty.org/arcgis/rest/services/DSD_Viewer_Services/DSD_Viewer_Transit/MapServer/1,,,Still no dev equivalent
DSD Viewer Layers,Address,RETIRED - 404,https://maps.hillsboroughcounty.org/arcgis/rest/services/DSD_Viewer_Services/DSD_Viewer_Address/MapServer/0,Site Address Points,https://gisdextweb1.hillsboroughcounty.org/arcgis/rest/services/CORPORATE/Site_Address_Points/FeatureServer/0,NEW - CORPORATE/Site_Address_Points FeatureServer
DSD Viewer Layers,City of Tampa Historic Resources,RETIRED - 404,https://maps.hillsboroughcounty.org/arcgis/rest/services/DSD_Viewer_Services/DSD_Viewer_COT_Extras/MapServer/0,Historic Resources,https://gisdextweb1.hillsboroughcounty.org/arcgis/rest/services/Hosted/Zoning_and_Regulatory/FeatureServer/4,NEW - Zoning_and_Regulatory FeatureServer
DSD Viewer Layers,COT Redevelopment Area,RETIRED - 404,https://maps.hillsboroughcounty.org/arcgis/rest/services/DSD_Viewer_Services/DSD_Viewer_COT_Extras/MapServer/1,Redevelopment Areas,https://gisdextweb1.hillsboroughcounty.org/arcgis/rest/services/Hosted/Zoning_and_Regulatory/FeatureServer/8,NEW - Zoning_and_Regulatory FeatureServer
DSD Viewer Layers,COT Competitive Sites,RETIRED - 404,https://maps.hillsboroughcounty.org/arcgis/rest/services/DSD_Viewer_Services/DSD_Viewer_COT_Extras/MapServer/2,Competitive Sites,https://gisdextweb1.hillsboroughcounty.org/arcgis/rest/services/Hosted/Zoning_and_Regulatory/FeatureServer/7,NEW - Zoning_and_Regulatory FeatureServer
DSD Viewer Layers,COT Sewer Service Area,RETIRED - 404,https://maps.hillsboroughcounty.org/arcgis/rest/services/DSD_Viewer_Services/DSD_Viewer_COT_Service_Areas/MapServer/0,Waste Water Service Areas,https://gisdextweb1.hillsboroughcounty.org/arcgis/rest/services/Hosted/Utility_Service_Area/FeatureServer/1,NEW - Utility_Service_Area FeatureServer
DSD Viewer Layers,COT Water Service Area,RETIRED - 404,https://maps.hillsboroughcounty.org/arcgis/rest/services/DSD_Viewer_Services/DSD_Viewer_COT_Service_Areas/MapServer/1,Water Service Areas,https://gisdextweb1.hillsboroughcounty.org/arcgis/rest/services/Hosted/Utility_Service_Area/FeatureServer/0,NEW - Utility_Service_Area FeatureServer
DSD Viewer Layers,Parcels,RETIRED - 404,https://maps.hillsboroughcounty.org/arcgis/rest/services/DSD_Viewer_Services/DSD_Viewer_Parcels/MapServer/0,Parcels,https://gisdextweb1.hillsboroughcounty.org/arcgis/rest/services/Hosted/Parcels/FeatureServer/0,NEW - Standalone Parcels FeatureServer
DSD Viewer Layers,Parcel Folio Numbers,,,,Show Folio Number,https://gisdextweb1.hillsboroughcounty.org/arcgis/rest/services/Hosted/Parcels/FeatureServer/1,NEW - Parcels FeatureServer
Flood Hazard Layers,Watershed Boundary,,,,Watershed Boundary,https://gisdextweb1.hillsboroughcounty.org/arcgis/rest/services/Hosted/Flood_Hazard_Layers/FeatureServer/1,NEW - Flood_Hazard_Layers FeatureServer
Flood Hazard Layers,Subbasins,,,,Subbasins,https://gisdextweb1.hillsboroughcounty.org/arcgis/rest/services/Hosted/Flood_Hazard_Layers/FeatureServer/2,NEW - Flood_Hazard_Layers FeatureServer
Flood Hazard Layers,FloodZones,,,,FloodZones,https://gisdextweb1.hillsboroughcounty.org/arcgis/rest/services/Hosted/Flood_Hazard_Layers/FeatureServer/3,NEW - Flood_Hazard_Layers FeatureServer
Flood Hazard Layers,Limit of Moderate Wave Action (LiMWA) Line,,,,Limit of Moderate Wave Action (LiMWA) Line,https://gisdextweb1.hillsboroughcounty.org/arcgis/rest/services/Hosted/Flood_Hazard_Layers/FeatureServer/4,NEW - Flood_Hazard_Layers FeatureServer
Flood Hazard Layers,Base Flood Elevations Lines,,,,Base Flood Elevations Lines,https://gisdextweb1.hillsboroughcounty.org/arcgis/rest/services/Hosted/Flood_Hazard_Layers/FeatureServer/5,NEW - Flood_Hazard_Layers FeatureServer
Flood Hazard Layers,FIRM Panels,,,,FIRM Panels,https://gisdextweb1.hillsboroughcounty.org/arcgis/rest/services/Hosted/Flood_Hazard_Layers/FeatureServer/6,NEW - Flood_Hazard_Layers FeatureServer
Flood Hazard Layers,LOMRs,,,,LOMRs,https://gisdextweb1.hillsboroughcounty.org/arcgis/rest/services/Hosted/Flood_Hazard_Layers/FeatureServer/7,NEW - Flood_Hazard_Layers FeatureServer
Flood Hazard Layers,Base Flood Elevations 2008,,,,Base Flood Elevations 2008,https://gisdextweb1.hillsboroughcounty.org/arcgis/rest/services/Hosted/Flood_Hazard_Layers/FeatureServer/15,NEW - Flood_Hazard_Layers FeatureServer
Flood Hazard Layers,Flood Zones 2018,,,,Flood Zones 2018,https://gisdextweb1.hillsboroughcounty.org/arcgis/rest/services/Hosted/Flood_Hazard_Layers/FeatureServer/16,NEW - Flood_Hazard_Layers FeatureServer
Flood Hazard Layers,Flood Zones 2008,,,,Flood Zones 2008,https://gisdextweb1.hillsboroughcounty.org/arcgis/rest/services/Hosted/Flood_Hazard_Layers/FeatureServer/17,NEW - Flood_Hazard_Layers FeatureServer
Flood Hazard Layers,Flood Zones 1998,,,,Flood Zones 1998,https://gisdextweb1.hillsboroughcounty.org/arcgis/rest/services/Hosted/Flood_Hazard_Layers/FeatureServer/18,NEW - Flood_Hazard_Layers FeatureServer
Natural Resources,Soils,,,,Soils,https://gisdextweb1.hillsboroughcounty.org/arcgis/rest/services/Hosted/Natural_Resources/FeatureServer/0,NEW - Natural_Resources FeatureServer
Natural Resources,Eagle Nests (600' Buffer),,,,Eagle Nests (600' Buffer),https://gisdextweb1.hillsboroughcounty.org/arcgis/rest/services/Hosted/Natural_Resources/FeatureServer/1,NEW - Natural_Resources FeatureServer
Natural Resources,Surface Water Protection Areas,,,,Surface Water Protection Areas,https://gisdextweb1.hillsboroughcounty.org/arcgis/rest/services/Hosted/Natural_Resources/FeatureServer/2,NEW - Natural_Resources FeatureServer
Natural Resources,Coastal High Hazard Area,,,,Coastal High Hazard Area,https://gisdextweb1.hillsboroughcounty.org/arcgis/rest/services/Hosted/Natural_Resources/FeatureServer/3,NEW - Natural_Resources FeatureServer
Natural Resources,Significant Wildlife Habitat,,,,Significant Wildlife Habitat,https://gisdextweb1.hillsboroughcounty.org/arcgis/rest/services/Hosted/Natural_Resources/FeatureServer/4,NEW - Natural_Resources FeatureServer
Natural Resources,ELAPP,,,,ELAPP,https://gisdextweb1.hillsboroughcounty.org/arcgis/rest/services/Hosted/Natural_Resources/FeatureServer/5,NEW - Natural_Resources FeatureServer
Natural Resources,Volume Sensitive Areas,,,,Volume Sensitive Areas,https://gisdextweb1.hillsboroughcounty.org/arcgis/rest/services/Hosted/Natural_Resources/FeatureServer/6,NEW - Natural_Resources FeatureServer
Natural Resources,Peak Sensitive Areas,,,,Peak Sensitive Areas,https://gisdextweb1.hillsboroughcounty.org/arcgis/rest/services/Hosted/Natural_Resources/FeatureServer/7,NEW - Natural_Resources FeatureServer
Reference Layers,Hospitals and Emergency Medical,,,,Hospitals and Emergency Medical,https://gisdextweb1.hillsboroughcounty.org/arcgis/rest/services/Hosted/Reference_Layers/FeatureServer/0,NEW - Reference_Layers FeatureServer
Reference Layers,FireStations,,,,FireStations,https://gisdextweb1.hillsboroughcounty.org/arcgis/rest/services/Hosted/Reference_Layers/FeatureServer/1,NEW - Reference_Layers FeatureServer
Reference Layers,Schools,,,,Schools,https://gisdextweb1.hillsboroughcounty.org/arcgis/rest/services/Hosted/Reference_Layers/FeatureServer/2,NEW - Reference_Layers FeatureServer
Reference Layers,Libraries,,,,Libraries,https://gisdextweb1.hillsboroughcounty.org/arcgis/rest/services/Hosted/Reference_Layers/FeatureServer/3,NEW - Reference_Layers FeatureServer
Reference Layers,Road Names,,,,Road Names,https://gisdextweb1.hillsboroughcounty.org/arcgis/rest/services/Hosted/Reference_Layers/FeatureServer/4,NEW - Reference_Layers FeatureServer
Reference Layers,Parks,,,,Parks,https://gisdextweb1.hillsboroughcounty.org/arcgis/rest/services/Hosted/Reference_Layers/FeatureServer/5,NEW - Reference_Layers FeatureServer
Reference Layers,ZipCodes,,,,ZipCodes,https://gisdextweb1.hillsboroughcounty.org/arcgis/rest/services/Hosted/Reference_Layers/FeatureServer/6,NEW - Reference_Layers FeatureServer
Administrative Areas,Commission Districts,,,,Commission Districts,https://gisdextweb1.hillsboroughcounty.org/arcgis/rest/services/Hosted/Administrative_Areas/FeatureServer/0,NEW - Administrative_Areas FeatureServer
Administrative Areas,Subdivision Names,,,,Subdivision Names,https://gisdextweb1.hillsboroughcounty.org/arcgis/rest/services/Hosted/Administrative_Areas/FeatureServer/2,NEW - Administrative_Areas FeatureServer
Administrative Areas,Community Development Districts,,,,Community Development Districts,https://gisdextweb1.hillsboroughcounty.org/arcgis/rest/services/Hosted/Administrative_Areas/FeatureServer/3,NEW - Administrative_Areas FeatureServer
Administrative Areas,Public Works Service Units,,,,Public Works Service Units,https://gisdextweb1.hillsboroughcounty.org/arcgis/rest/services/Hosted/Administrative_Areas/FeatureServer/5,NEW - Administrative_Areas FeatureServer
Administrative Areas,Cities,,,,Cities,https://gisdextweb1.hillsboroughcounty.org/arcgis/rest/services/Hosted/Administrative_Areas/FeatureServer/6,NEW - Administrative_Areas FeatureServer
Administrative Areas,Census Blocks 2020,,,,Census Blocks 2020,https://gisdextweb1.hillsboroughcounty.org/arcgis/rest/services/Hosted/Administrative_Areas/FeatureServer/8,NEW - Administrative_Areas FeatureServer
Roads and Transportation,Roadway Classification,,,,Roadway Classification,https://gisdextweb1.hillsboroughcounty.org/arcgis/rest/services/Hosted/Roads_and_Transportation/FeatureServer/0,NEW - Roads_and_Transportation FeatureServer
Roads and Transportation,Roadway Jurisdiction,,,,Roadway Jurisdiction,https://gisdextweb1.hillsboroughcounty.org/arcgis/rest/services/Hosted/Roads_and_Transportation/FeatureServer/1,NEW - Roads_and_Transportation FeatureServer
Roads and Transportation,Right of Way,,,,Right of Way,https://gisdextweb1.hillsboroughcounty.org/arcgis/rest/services/Hosted/Roads_and_Transportation/FeatureServer/2,NEW - Roads_and_Transportation FeatureServer
Roads and Transportation,TAZ,,,,TAZ,https://gisdextweb1.hillsboroughcounty.org/arcgis/rest/services/Hosted/Roads_and_Transportation/FeatureServer/3,NEW - Roads_and_Transportation FeatureServer
Water Infrastructure,NetworkStructure_PW,,,,NetworkStructure_PW,https://gisdextweb1.hillsboroughcounty.org/arcgis/rest/services/Hosted/Water_Infrastructure/FeatureServer/0,NEW - Water_Infrastructure FeatureServer
Water Infrastructure,ControlValve_PW,,,,ControlValve_PW,https://gisdextweb1.hillsboroughcounty.org/arcgis/rest/services/Hosted/Water_Infrastructure/FeatureServer/1,NEW - Water_Infrastructure FeatureServer
Water Infrastructure,Fitting_PW,,,,Fitting_PW,https://gisdextweb1.hillsboroughcounty.org/arcgis/rest/services/Hosted/Water_Infrastructure/FeatureServer/2,NEW - Water_Infrastructure FeatureServer
Water Infrastructure,SystemValve_PW,,,,SystemValve_PW,https://gisdextweb1.hillsboroughcounty.org/arcgis/rest/services/Hosted/Water_Infrastructure/FeatureServer/3,NEW - Water_Infrastructure FeatureServer
Water Infrastructure,Hydrant_PW,,,,Hydrant_PW,https://gisdextweb1.hillsboroughcounty.org/arcgis/rest/services/Hosted/Water_Infrastructure/FeatureServer/4,NEW - Water_Infrastructure FeatureServer
Water Infrastructure,Meter_PW,,,,Meter_PW,https://gisdextweb1.hillsboroughcounty.org/arcgis/rest/services/Hosted/Water_Infrastructure/FeatureServer/5,NEW - Water_Infrastructure FeatureServer
Water Infrastructure,MeterSmall_PW,,,,MeterSmall_PW,https://gisdextweb1.hillsboroughcounty.org/arcgis/rest/services/Hosted/Water_Infrastructure/FeatureServer/6,NEW - Water_Infrastructure FeatureServer
Water Infrastructure,LateralLine_PW,,,,LateralLine_PW,https://gisdextweb1.hillsboroughcounty.org/arcgis/rest/services/Hosted/Water_Infrastructure/FeatureServer/7,NEW - Water_Infrastructure FeatureServer
Water Infrastructure,PressurizedMain_PW,,,,PressurizedMain_PW,https://gisdextweb1.hillsboroughcounty.org/arcgis/rest/services/Hosted/Water_Infrastructure/FeatureServer/8,NEW - Water_Infrastructure FeatureServer
Water Infrastructure,Treatment Plant Potable,,,,Treatment Plant Potable,https://gisdextweb1.hillsboroughcounty.org/arcgis/rest/services/Hosted/Water_Infrastructure/FeatureServer/9,NEW - Water_Infrastructure FeatureServer
Elevation,Contours,,,,Contours,https://gisdextweb1.hillsboroughcounty.org/arcgis/rest/services/Hosted/Elevation/FeatureServer/0,NEW - Elevation FeatureServer
InfoLayers/DisplayLayers,Incorporated Areas,,https://maps.hillsboroughcounty.org/arcgis/rest/services/InfoLayers/DisplayLayers/FeatureServer/0,Cities,https://gisdextweb1.hillsboroughcounty.org/arcgis/rest/services/Hosted/Administrative_Areas/FeatureServer/6,Active production FeatureServer
InfoLayers/DisplayLayers,Commission Districts,,https://maps.hillsboroughcounty.org/arcgis/rest/services/InfoLayers/DisplayLayers/FeatureServer/1,Commission Districts,https://gisdextweb1.hillsboroughcounty.org/arcgis/rest/services/Hosted/Administrative_Areas/FeatureServer/0,Active production FeatureServer
InfoLayers/DisplayLayers,Fire Stations,,https://maps.hillsboroughcounty.org/arcgis/rest/services/InfoLayers/DisplayLayers/FeatureServer/2,FireStations,https://gisdextweb1.hillsboroughcounty.org/arcgis/rest/services/Hosted/Reference_Layers/FeatureServer/1,Active production FeatureServer
InfoLayers/DisplayLayers,Parks,,https://maps.hillsboroughcounty.org/arcgis/rest/services/InfoLayers/DisplayLayers/FeatureServer/4,Parks,https://gisdextweb1.hillsboroughcounty.org/arcgis/rest/services/Hosted/Reference_Layers/FeatureServer/5,Active production FeatureServer
InfoLayers/DisplayLayers,Zoning,,https://maps.hillsboroughcounty.org/arcgis/rest/services/InfoLayers/DisplayLayers/FeatureServer/5,Zoning,https://gisdextweb1.hillsboroughcounty.org/arcgis/rest/services/Hosted/Zoning/FeatureServer/0,Active production FeatureServer
InfoLayers/DisplayLayers,Flood Zones,,https://maps.hillsboroughcounty.org/arcgis/rest/services/InfoLayers/DisplayLayers/FeatureServer/6,FloodZones,https://gisdextweb1.hillsboroughcounty.org/arcgis/rest/services/Hosted/Flood_Zones/FeatureServer/0,Active production FeatureServer
InfoLayers/DisplayLayers,Future Land Use,,https://maps.hillsboroughcounty.org/arcgis/rest/services/InfoLayers/DisplayLayers/FeatureServer/7,Future Land Use,https://gisdextweb1.hillsboroughcounty.org/arcgis/rest/services/Hosted/Landuse_and_Planning/FeatureServer/1,Active production FeatureServer
InfoLayers/DisplayLayers,Hospitals,,https://maps.hillsboroughcounty.org/arcgis/rest/services/InfoLayers/DisplayLayers/FeatureServer/8,Hospitals and Emergency Medical,https://gisdextweb1.hillsboroughcounty.org/arcgis/rest/services/Hosted/Reference_Layers/FeatureServer/0,Active production FeatureServer
InfoLayers/DisplayLayers,Schools,,https://maps.hillsboroughcounty.org/arcgis/rest/services/InfoLayers/DisplayLayers/FeatureServer/9,Schools,https://gisdextweb1.hillsboroughcounty.org/arcgis/rest/services/Hosted/Reference_Layers/FeatureServer/2,Active production FeatureServer
InfoLayers/DisplayLayers,Shelters,,https://maps.hillsboroughcounty.org/arcgis/rest/services/InfoLayers/DisplayLayers/FeatureServer/10,,,Active production - no dev equivalent
InfoLayers/DisplayLayers,Public Works Service Units,,https://maps.hillsboroughcounty.org/arcgis/rest/services/InfoLayers/DisplayLayers/FeatureServer/11,Public Works Service Units,https://gisdextweb1.hillsboroughcounty.org/arcgis/rest/services/Hosted/Administrative_Areas/FeatureServer/5,Active production FeatureServer
InfoLayers/DisplayLayers,Roads,,https://maps.hillsboroughcounty.org/arcgis/rest/services/InfoLayers/DisplayLayers/FeatureServer/12,Road Names,https://gisdextweb1.hillsboroughcounty.org/arcgis/rest/services/Hosted/Reference_Layers/FeatureServer/4,Active production FeatureServer
InfoLayers/DisplayLayers,Soils,,https://maps.hillsboroughcounty.org/arcgis/rest/services/InfoLayers/DisplayLayers/FeatureServer/13,Soils,https://gisdextweb1.hillsboroughcounty.org/arcgis/rest/services/Hosted/Natural_Resources/FeatureServer/0,Active production FeatureServer
InfoLayers/DisplayLayers,Subdivision Names,,https://maps.hillsboroughcounty.org/arcgis/rest/services/InfoLayers/DisplayLayers/FeatureServer/14,Subdivision Names,https://gisdextweb1.hillsboroughcounty.org/arcgis/rest/services/Hosted/Administrative_Areas/FeatureServer/2,Active production FeatureServer
InfoLayers/DisplayLayers,Planning Areas,,https://maps.hillsboroughcounty.org/arcgis/rest/services/InfoLayers/DisplayLayers/FeatureServer/15,PlanningAreas,https://gisdextweb1.hillsboroughcounty.org/arcgis/rest/services/Hosted/PlanningAreas/FeatureServer/0,Active production FeatureServer
InfoLayers/DisplayLayers,DRI Projects,,https://maps.hillsboroughcounty.org/arcgis/rest/services/InfoLayers/DisplayLayers/FeatureServer/16,DRI Projects,https://gisdextweb1.hillsboroughcounty.org/arcgis/rest/services/Hosted/Zoning_and_Regulatory/FeatureServer/3,Active production FeatureServer
InfoLayers/DisplayLayers,Contours,,https://maps.hillsboroughcounty.org/arcgis/rest/services/InfoLayers/DisplayLayers/FeatureServer/18,Contours,https://gisdextweb1.hillsboroughcounty.org/arcgis/rest/services/Hosted/Elevation/FeatureServer/0,Active production FeatureServer
InfoLayers/DisplayLayers,Urban Service Areas,,https://maps.hillsboroughcounty.org/arcgis/rest/services/InfoLayers/DisplayLayers/FeatureServer/19,Urban Service Areas,https://gisdextweb1.hillsboroughcounty.org/arcgis/rest/services/Hosted/Landuse_and_Planning/FeatureServer/4,Active production FeatureServer
InfoLayers/DisplayLayers,Surface Water Protection Areas,,https://maps.hillsboroughcounty.org/arcgis/rest/services/InfoLayers/DisplayLayers/FeatureServer/20,Surface Water Protection Areas,https://gisdextweb1.hillsboroughcounty.org/arcgis/rest/services/Hosted/Natural_Resources/FeatureServer/2,Active production FeatureServer
InfoLayers/DisplayLayers,Use Permits,,https://maps.hillsboroughcounty.org/arcgis/rest/services/InfoLayers/DisplayLayers/FeatureServer/21,,,Active production - no dev equivalent
InfoLayers/DisplayLayers,Planned Developments,,https://maps.hillsboroughcounty.org/arcgis/rest/services/InfoLayers/DisplayLayers/FeatureServer/22,Planned Developments,https://gisdextweb1.hillsboroughcounty.org/arcgis/rest/services/Hosted/Zoning_and_Regulatory/FeatureServer/5,Active production FeatureServer
Aerial Imagery,2013 Aerials,,https://maps.hillsboroughcounty.org/arcgis/rest/services/Aerials/HC_Aerials_2013_WGS/ImageServer,,,ImageServer - no change
Aerial Imagery,2014 Aerials,,https://maps.hillsboroughcounty.org/arcgis/rest/services/Aerials/HC_Aerials_2014_WGS/ImageServer,,,ImageServer - no change
Aerial Imagery,2016 Aerials,,https://maps.hillsboroughcounty.org/arcgis/rest/services/Aerials/HC_Aerials_2016_WGS/ImageServer,,,ImageServer - no change
Aerial Imagery,2017 Aerials,,https://maps.hillsboroughcounty.org/arcgis/rest/services/Aerials/HC_Aerials_2017_WGS_AUX/ImageServer,,,ImageServer - no change
Aerial Imagery,2022 Aerials,,https://maps.hillsboroughcounty.org/arcgis/rest/services/Aerials/HC_Aerials_2022_WGS/ImageServer,,,ImageServer - no change
Geocoding Services,Composite Address Locator,,https://maps.hillsboroughcounty.org/arcgis/rest/services/Geocoding/Composite_Address_Locator_Overall/GeocodeServer,,,GeocodeServer - no change
Geocoding Services,Geometry Server,,https://maps.hillsboroughcounty.org/arcgis/rest/services/Geometry/GeometryServer,,,GeometryServer - no change
